timestamp,label,z_val_m,real_w_cm,real_h_cm,TL_X,TL_Y,TR_X,TR_Y,BL_X,BL_Y,BR_X,BR_Y
19:43:04.299,person,0.6877,42.27,39.65,-0.0348,-0.145,0.3879,-0.145,-0.0348,0.2515,0.3879,0.2515
19:43:04.300,person,0.5314,22.14,38.41,-0.3502,-0.1914,-0.1288,-0.1914,-0.3502,0.1927,-0.1288,0.1927
19:43:04.712,person,0.7735,48.18,44.59,-0.0343,-0.1615,0.4474,-0.1615,-0.0343,0.2844,0.4474,0.2844
19:43:04.713,person,0.4584,20.76,33.75,-0.3026,-0.1703,-0.0949,-0.1703,-0.3026,0.1671,-0.0949,0.1671
19:43:05.038,person,0.7765,48.21,44.76,-0.0345,-0.1621,0.4476,-0.1621,-0.0345,0.2855,0.4476,0.2855
19:43:05.038,person,0.4756,21.83,35.06,-0.3139,-0.1772,-0.0955,-0.1772,-0.3139,0.1734,-0.0955,0.1734
19:43:05.380,person,0.7786,48.1,44.97,-0.0338,-0.1626,0.4472,-0.1626,-0.0338,0.2871,0.4472,0.2871
19:43:05.381,person,0.4821,22.14,35.54,-0.3182,-0.1791,-0.0969,-0.1791,-0.3182,0.1763,-0.0969,0.1763
19:43:05.703,person,0.7749,47.94,44.67,-0.0336,-0.1618,0.4458,-0.1618,-0.0336,0.2849,0.4458,0.2849
19:43:05.703,person,0.4774,21.48,35.1,-0.3151,-0.1769,-0.1004,-0.1769,-0.3151,0.1741,-0.1004,0.1741
19:43:06.042,person,0.7711,48.43,44.53,-0.0406,-0.1618,0.4437,-0.1618,-0.0406,0.2836,0.4437,0.2836
19:43:06.043,person,0.5038,23.34,37.14,-0.3325,-0.1867,-0.0991,-0.1867,-0.3325,0.1847,-0.0991,0.1847
19:43:06.043,tv,1.3946,20.67,20.53,0.7215,0.1354,0.9281,0.1354,0.7215,0.3407,0.9281,0.3407
19:43:06.387,person,0.7597,47.95,43.87,-0.0408,-0.1594,0.4387,-0.1594,-0.0408,0.2793,0.4387,0.2793
19:43:06.387,person,0.4066,16.81,29.93,-0.2684,-0.1507,-0.1002,-0.1507,-0.2684,0.1487,-0.1002,0.1487
19:43:06.706,person,0.7832,49.67,45.39,-0.0445,-0.1659,0.4522,-0.1659,-0.0445,0.288,0.4522,0.288
19:43:06.707,person,0.409,16.66,30.11,-0.27,-0.1515,-0.1034,-0.1515,-0.27,0.1496,-0.1034,0.1496
19:43:07.046,person,0.7803,49.33,45.15,-0.0427,-0.1645,0.4506,-0.1645,-0.0427,0.287,0.4506,0.287
19:43:07.046,person,0.4226,17.56,31.06,-0.2789,-0.1561,-0.1033,-0.1561,-0.2789,0.1545,-0.1033,0.1545
19:43:07.046,tv,1.388,20.57,20.44,0.7181,0.1348,0.9238,0.1348,0.7181,0.3391,0.9238,0.3391
19:43:07.378,person,0.4174,17.48,30.68,-0.2755,-0.1542,-0.1007,-0.1542,-0.2755,0.1526,-0.1007,0.1526
19:43:07.378,person,0.7787,49.47,45.05,-0.0451,-0.1642,0.4497,-0.1642,-0.0451,0.2864,0.4497,0.2864
19:43:07.707,person,0.4205,17.39,30.91,-0.2775,-0.1554,-0.1036,-0.1554,-0.2775,0.1537,-0.1036,0.1537
19:43:07.707,person,0.7913,50.44,45.7,-0.0466,-0.166,0.4578,-0.166,-0.0466,0.291,0.4578,0.291
19:43:08.044,person,0.4483,20.16,32.95,-0.2959,-0.1656,-0.0942,-0.1656,-0.2959,0.1639,-0.0942,0.1639
19:43:08.044,person,0.784,49.73,45.28,-0.0446,-0.1645,0.4527,-0.1645,-0.0446,0.2883,0.4527,0.2883
19:43:08.044,tv,1.3902,20.6,20.61,0.7192,0.135,0.9252,0.135,0.7192,0.3411,0.9252,0.3411
19:43:08.386,person,0.4496,20.08,33.01,-0.2968,-0.1657,-0.0959,-0.1657,-0.2968,0.1644,-0.0959,0.1644
19:43:08.386,person,0.776,63.06,45.06,-0.1857,-0.1652,0.4449,-0.1652,-0.1857,0.2854,0.4449,0.2854
19:43:08.718,person,0.4406,19.27,32.39,-0.2908,-0.1628,-0.0981,-0.1628,-0.2908,0.1611,-0.0981,0.1611
19:43:08.718,person,0.7819,49.84,45.24,-0.0469,-0.1648,0.4515,-0.1648,-0.0469,0.2875,0.4515,0.2875
19:43:09.042,person,0.4345,18.73,31.94,-0.2868,-0.1605,-0.0995,-0.1605,-0.2868,0.1589,-0.0995,0.1589
19:43:09.042,person,0.7812,49.71,45.2,-0.046,-0.1647,0.4511,-0.1647,-0.046,0.2873,0.4511,0.2873
19:43:09.377,person,0.4402,18.25,32.32,-0.2906,-0.1627,-0.1081,-0.1627,-0.2906,0.1605,-0.1081,0.1605
19:43:09.377,person,0.7847,49.77,45.4,-0.0454,-0.1654,0.4523,-0.1654,-0.0454,0.2885,0.4523,0.2885
19:43:09.710,person,0.4508,19.3,33.23,-0.2976,-0.167,-0.1046,-0.167,-0.2976,0.1653,-0.1046,0.1653
19:43:09.710,person,0.7774,49.79,44.98,-0.049,-0.1639,0.4489,-0.1639,-0.049,0.2859,0.4489,0.2859
19:43:10.045,person,0.7756,49.68,44.88,-0.0497,-0.1635,0.4471,-0.1635,-0.0497,0.2852,0.4471,0.2852
19:43:10.045,person,0.4437,18.63,32.71,-0.2929,-0.1644,-0.1066,-0.1644,-0.2929,0.1627,-0.1066,0.1627
19:43:10.377,person,0.7841,50.14,45.28,-0.0486,-0.1645,0.4528,-0.1645,-0.0486,0.2883,0.4528,0.2883
19:43:10.377,person,0.4383,18.26,32.22,-0.2893,-0.1619,-0.1067,-0.1619,-0.2893,0.1603,-0.1067,0.1603
19:43:10.719,person,0.4434,18.7,32.6,-0.2927,-0.1638,-0.1056,-0.1638,-0.2927,0.1621,-0.1056,0.1621
19:43:10.719,person,0.7974,50.99,46.05,-0.0495,-0.1673,0.4604,-0.1673,-0.0495,0.2932,0.4604,0.2932
19:43:10.719,tv,1.3909,20.47,20.05,0.721,0.1365,0.9257,0.1365,0.721,0.337,0.9257,0.337
19:43:11.044,person,0.442,18.46,32.5,-0.2918,-0.1633,-0.1071,-0.1633,-0.2918,0.1616,-0.1071,0.1616
19:43:11.044,person,0.7902,50.62,45.64,-0.0498,-0.1658,0.4563,-0.1658,-0.0498,0.2906,0.4563,0.2906
19:43:11.045,tv,1.3963,20.55,19.98,0.7238,0.137,0.9293,0.137,0.7238,0.3368,0.9293,0.3368
19:43:11.386,person,0.4469,18.43,32.8,-0.2949,-0.1646,-0.1106,-0.1646,-0.2949,0.1634,-0.1106,0.1634
19:43:11.386,person,0.7775,56.97,45.3,-0.1215,-0.1671,0.4481,-0.1671,-0.1215,0.2859,0.4481,0.2859
19:43:11.386,tv,1.393,20.65,19.93,0.7207,0.1367,0.9271,0.1367,0.7207,0.336,0.9271,0.336
19:43:11.719,person,0.4403,18.66,32.37,-0.2906,-0.1627,-0.104,-0.1627,-0.2906,0.161,-0.104,0.161
19:43:11.719,person,0.8059,64.9,46.63,-0.207,-0.1699,0.442,-0.1699,-0.207,0.2963,0.442,0.2963
19:43:11.720,tv,1.3981,20.72,19.57,0.7233,0.1372,0.9305,0.1372,0.7233,0.3329,0.9305,0.3329
19:43:12.044,person,0.4295,17.58,31.62,-0.2835,-0.1587,-0.1077,-0.1587,-0.2835,0.1575,-0.1077,0.1575
19:43:12.044,person,0.7761,56.06,44.9,-0.1221,-0.1636,0.4385,-0.1636,-0.1221,0.2854,0.4385,0.2854
19:43:12.378,person,0.8018,50.61,46.47,-0.0431,-0.1699,0.463,-0.1699,-0.0431,0.2949,0.463,0.2949
19:43:12.378,person,0.4208,17.97,30.98,-0.2778,-0.1555,-0.0981,-0.1555,-0.2778,0.1543,-0.0981,0.1543
19:43:12.379,tv,1.3856,20.54,19.4,0.7168,0.136,0.9222,0.136,0.7168,0.3299,0.9222,0.3299
19:43:12.712,person,0.8139,51.54,47.34,-0.0446,-0.1741,0.4708,-0.1741,-0.0446,0.2993,0.4708,0.2993
19:43:12.712,person,0.4217,17.92,31.04,-0.2783,-0.1558,-0.0991,-0.1558,-0.2783,0.1546,-0.0991,0.1546
19:43:12.712,tv,1.3872,20.42,19.27,0.7191,0.1361,0.9232,0.1361,0.7191,0.3289,0.9232,0.3289
19:43:13.044,person,0.7329,45.72,42.4,-0.0409,-0.1545,0.4164,-0.1545,-0.0409,0.2695,0.4164,0.2695
19:43:13.045,person,0.4355,18.87,31.97,-0.2875,-0.1609,-0.0988,-0.1609,-0.2875,0.1588,-0.0988,0.1588
19:43:13.386,person,0.7592,48.63,43.85,-0.0573,-0.1593,0.429,-0.1593,-0.0573,0.2792,0.429,0.2792
19:43:13.387,person,0.4175,18.22,30.78,-0.2755,-0.1542,-0.0934,-0.1542,-0.2755,0.1535,-0.0934,0.1535
19:43:13.711,person,0.7569,54.21,43.79,-0.1105,-0.1596,0.4316,-0.1596,-0.1105,0.2783,0.4316,0.2783
19:43:13.711,person,0.4273,17.49,31.46,-0.2821,-0.1583,-0.1071,-0.1583,-0.2821,0.1563,-0.1071,0.1563
19:43:14.048,person,0.7719,56.0,44.74,-0.1159,-0.1636,0.4442,-0.1636,-0.1159,0.2839,0.4442,0.2839
19:43:14.049,person,0.4279,17.65,31.5,-0.2824,-0.1585,-0.1059,-0.1585,-0.2824,0.1565,-0.1059,0.1565
19:43:14.049,tv,1.3848,20.52,19.24,0.7164,0.1359,0.9216,0.1359,0.7164,0.3283,0.9216,0.3283
19:43:14.377,person,0.7693,56.61,44.59,-0.1251,-0.163,0.441,-0.163,-0.1251,0.2829,0.441,0.2829
19:43:14.377,person,0.4119,17.12,30.24,-0.2719,-0.1518,-0.1007,-0.1518,-0.2719,0.1506,-0.1007,0.1506
19:43:14.378,cell phone,0.5581,10.58,20.95,-0.1191,-0.0349,-0.0132,-0.0349,-0.1191,0.1746,-0.0132,0.1746
19:43:14.378,tv,1.4073,20.71,19.41,0.7295,0.1396,0.9366,0.1396,0.7295,0.3336,0.9366,0.3336
19:43:14.711,person,0.4578,20.45,33.61,-0.3022,-0.1687,-0.0977,-0.1687,-0.3022,0.1674,-0.0977,0.1674
19:43:14.711,person,0.7912,59.29,45.53,-0.1696,-0.1644,0.4233,-0.1644,-0.1696,0.2909,0.4233,0.2909
19:43:14.712,cell phone,0.4289,8.36,17.7,-0.0986,-0.0237,-0.015,-0.0237,-0.0986,0.1533,-0.015,0.1533
19:43:15.053,cell phone,0.4483,8.6,16.36,-0.1007,-0.0243,-0.0148,-0.0243,-0.1007,0.1393,-0.0148,0.1393
19:43:15.054,person,0.4697,21.08,34.53,-0.31,-0.1735,-0.0992,-0.1735,-0.31,0.1717,-0.0992,0.1717
19:43:15.054,person,0.7932,59.76,45.81,-0.1684,-0.1664,0.4292,-0.1664,-0.1684,0.2917,0.4292,0.2917
19:43:15.054,tv,1.4058,20.83,19.53,0.7273,0.138,0.9356,0.138,0.7273,0.3333,0.9356,0.3333
19:43:15.377,person,0.7873,59.0,45.8,-0.1574,-0.1685,0.4326,-0.1685,-0.1574,0.2895,0.4326,0.2895
19:43:15.377,cell phone,0.5218,9.84,19.04,-0.1194,-0.0267,-0.021,-0.0267,-0.1194,0.1637,-0.021,0.1637
19:43:15.377,person,0.4294,18.56,31.57,-0.2834,-0.1587,-0.0978,-0.1587,-0.2834,0.157,-0.0978,0.157
19:43:15.711,person,0.7937,50.42,46.0,-0.0492,-0.1682,0.455,-0.1682,-0.0492,0.2919,0.455,0.2919
19:43:15.711,person,0.457,20.32,33.6,-0.3017,-0.1684,-0.0985,-0.1684,-0.3017,0.1676,-0.0985,0.1676
19:43:15.711,cell phone,0.4151,7.4,14.72,-0.0903,-0.0225,-0.0163,-0.0225,-0.0903,0.1247,-0.0163,0.1247
19:43:16.044,cell phone,0.4902,8.74,17.33,-0.1026,-0.0291,-0.0152,-0.0291,-0.1026,0.1442,-0.0152,0.1442
19:43:16.044,person,0.7782,56.06,45.11,-0.1362,-0.1649,0.4244,-0.1649,-0.1362,0.2862,0.4244,0.2862
19:43:16.045,person,0.4289,17.83,31.53,-0.2831,-0.1585,-0.1048,-0.1585,-0.2831,0.1568,-0.1048,0.1568
19:43:16.045,tv,1.4067,20.85,19.54,0.7277,0.1381,0.9362,0.1381,0.7277,0.3335,0.9362,0.3335
19:43:16.385,person,0.7775,54.95,44.98,-0.1304,-0.1639,0.4191,-0.1639,-0.1304,0.2859,0.4191,0.2859
19:43:16.386,cell phone,0.4967,8.75,17.51,-0.1049,-0.0316,-0.0174,-0.0316,-0.1049,0.1435,-0.0174,0.1435
19:43:16.386,person,0.409,16.87,30.03,-0.27,-0.1507,-0.1013,-0.1507,-0.27,0.1496,-0.1013,0.1496
19:43:16.712,cell phone,0.5078,9.0,18.06,-0.1057,-0.0328,-0.0157,-0.0328,-0.1057,0.1478,-0.0157,0.1478
19:43:16.713,person,0.7854,55.6,45.52,-0.1326,-0.1664,0.4234,-0.1664,-0.1326,0.2888,0.4234,0.2888
19:43:16.713,person,0.4174,17.26,30.64,-0.2755,-0.1538,-0.1029,-0.1538,-0.2755,0.1526,-0.1029,0.1526
19:43:17.044,person,0.7744,54.34,44.89,-0.1283,-0.1641,0.4151,-0.1641,-0.1283,0.2848,0.4151,0.2848
19:43:17.044,cell phone,0.5081,9.11,18.02,-0.1052,-0.0328,-0.0141,-0.0328,-0.1052,0.1473,-0.0141,0.1473
19:43:17.045,person,0.4128,17.15,30.3,-0.2724,-0.1521,-0.1009,-0.1521,-0.2724,0.1509,-0.1009,0.1509
19:43:17.381,person,0.7691,55.56,44.5,-0.1338,-0.1622,0.4218,-0.1622,-0.1338,0.2828,0.4218,0.2828
19:43:17.381,cell phone,0.4884,8.6,17.47,-0.1001,-0.0306,-0.0141,-0.0306,-0.1001,0.1441,-0.0141,0.1441
19:43:17.381,person,0.4075,16.89,29.91,-0.269,-0.1501,-0.1,-0.1501,-0.269,0.149,-0.1,0.149
19:43:17.712,person,0.7737,55.81,44.68,-0.137,-0.1623,0.4211,-0.1623,-0.137,0.2845,0.4211,0.2845
19:43:17.713,cell phone,0.4609,8.26,16.25,-0.0945,-0.0288,-0.0119,-0.0288,-0.0945,0.1336,-0.0119,0.1336
19:43:17.713,person,0.4037,16.74,29.63,-0.2664,-0.1487,-0.0991,-0.1487,-0.2664,0.1476,-0.0991,0.1476
19:43:18.054,person,0.7731,55.29,44.73,-0.1321,-0.163,0.4208,-0.163,-0.1321,0.2843,0.4208,0.2843
19:43:18.054,person,0.4043,16.8,29.68,-0.2668,-0.149,-0.0988,-0.149,-0.2668,0.1478,-0.0988,0.1478
19:43:18.055,cell phone,0.5029,8.81,18.04,-0.1026,-0.0309,-0.0145,-0.0309,-0.1026,0.1495,-0.0145,0.1495
19:43:18.377,person,0.7681,54.45,44.52,-0.128,-0.1627,0.4165,-0.1627,-0.128,0.2824,0.4165,0.2824
19:43:18.378,person,0.4086,17.15,30.0,-0.2697,-0.1505,-0.0982,-0.1505,-0.2697,0.1494,-0.0982,0.1494
19:43:18.378,cell phone,0.4879,8.7,17.15,-0.0995,-0.0295,-0.0126,-0.0295,-0.0995,0.142,-0.0126,0.142
19:43:18.713,cell phone,0.4975,8.66,17.8,-0.101,-0.0296,-0.0144,-0.0296,-0.101,0.1484,-0.0144,0.1484
19:43:18.714,person,0.7709,55.45,44.68,-0.1373,-0.1633,0.4172,-0.1633,-0.1373,0.2835,0.4172,0.2835
19:43:18.714,person,0.4068,17.03,29.86,-0.2685,-0.1499,-0.0982,-0.1499,-0.2685,0.1487,-0.0982,0.1487
19:43:19.044,cell phone,0.4888,8.56,17.49,-0.0992,-0.0291,-0.0136,-0.0291,-0.0992,0.1458,-0.0136,0.1458
19:43:19.044,person,0.7743,55.37,44.96,-0.1331,-0.1649,0.4206,-0.1649,-0.1331,0.2847,0.4206,0.2847
19:43:19.045,person,0.4132,17.17,30.34,-0.2728,-0.1523,-0.101,-0.1523,-0.2728,0.1511,-0.101,0.1511
19:43:19.045,handbag,0.444,7.27,11.28,0.151,0.0528,0.2237,0.0528,0.151,0.1656,0.2237,0.1656
19:43:19.378,person,0.4051,16.84,29.74,-0.2674,-0.1492,-0.099,-0.1492,-0.2674,0.1481,-0.099,0.1481
19:43:19.378,cell phone,0.4938,8.65,17.71,-0.1002,-0.0283,-0.0137,-0.0283,-0.1002,0.1488,-0.0137,0.1488
19:43:19.379,person,0.7642,54.41,44.29,-0.129,-0.1619,0.4151,-0.1619,-0.129,0.281,0.4151,0.281
19:43:19.710,cell phone,0.4976,8.72,17.75,-0.1005,-0.0291,-0.0133,-0.0291,-0.1005,0.1484,-0.0133,0.1484
19:43:19.711,person,0.7728,56.15,44.79,-0.136,-0.1637,0.4254,-0.1637,-0.136,0.2842,0.4254,0.2842
19:43:19.711,person,0.4086,17.02,30.0,-0.2697,-0.1505,-0.0995,-0.1505,-0.2697,0.1494,-0.0995,0.1494
19:43:20.054,cell phone,0.4805,8.42,17.34,-0.0965,-0.0276,-0.0124,-0.0276,-0.0965,0.1458,-0.0124,0.1458
19:43:20.054,person,0.7745,55.3,44.89,-0.1299,-0.1641,0.4231,-0.1641,-0.1299,0.2848,0.4231,0.2848
19:43:20.055,person,0.4025,16.64,29.51,-0.2657,-0.1479,-0.0992,-0.1479,-0.2657,0.1472,-0.0992,0.1472
19:43:20.412,person,0.7718,54.95,44.73,-0.1295,-0.1635,0.4201,-0.1635,-0.1295,0.2838,0.4201,0.2838
19:43:20.413,cell phone,0.5188,9.19,18.56,-0.1042,-0.0303,-0.0123,-0.0303,-0.1042,0.1553,-0.0123,0.1553
19:43:20.413,person,0.3953,16.51,29.02,-0.2609,-0.1456,-0.0958,-0.1456,-0.2609,0.1445,-0.0958,0.1445
19:43:20.413,tv,1.4125,20.93,19.92,0.7307,0.1386,0.9401,0.1386,0.7307,0.3378,0.9401,0.3378
19:43:20.747,cell phone,0.4934,8.64,17.5,-0.0976,-0.0288,-0.0112,-0.0288,-0.0976,0.1461,-0.0112,0.1461
19:43:20.747,person,0.7615,53.59,44.06,-0.1238,-0.1606,0.4121,-0.1606,-0.1238,0.28,0.4121,0.28
19:43:20.748,person,0.3982,16.55,29.19,-0.2629,-0.1463,-0.0973,-0.1463,-0.2629,0.1456,-0.0973,0.1456
19:43:21.088,cell phone,0.468,8.34,16.6,-0.094,-0.0273,-0.0106,-0.0273,-0.094,0.1386,-0.0106,0.1386
19:43:21.088,person,0.7517,55.63,43.26,-0.1386,-0.1562,0.4177,-0.1562,-0.1386,0.2764,0.4177,0.2764
19:43:21.088,person,0.4058,16.82,29.79,-0.2679,-0.1495,-0.0996,-0.1495,-0.2679,0.1484,-0.0996,0.1484
19:43:21.088,handbag,0.4195,6.91,10.79,0.1422,0.0486,0.2113,0.0486,0.1422,0.1564,0.2113,0.1564
19:43:21.415,cell phone,0.492,8.67,17.45,-0.0994,-0.0282,-0.0127,-0.0282,-0.0994,0.1462,-0.0127,0.1462
19:43:21.415,person,0.759,56.87,43.91,-0.1391,-0.16,0.4296,-0.16,-0.1391,0.2791,0.4296,0.2791
19:43:21.416,person,0.4112,17.13,30.23,-0.2714,-0.1515,-0.1001,-0.1515,-0.2714,0.1508,-0.1001,0.1508
19:43:21.748,cell phone,0.528,9.36,18.83,-0.1066,-0.0314,-0.013,-0.0314,-0.1066,0.1569,-0.013,0.1569
19:43:21.749,person,0.7509,56.27,43.37,-0.1392,-0.1575,0.4235,-0.1575,-0.1392,0.2761,0.4235,0.2761
19:43:21.749,person,0.4056,17.11,29.78,-0.2677,-0.1494,-0.0966,-0.1494,-0.2677,0.1483,-0.0966,0.1483
19:43:22.080,cell phone,0.4947,8.82,17.59,-0.0999,-0.0294,-0.0117,-0.0294,-0.0999,0.1465,-0.0117,0.1465
19:43:22.080,person,0.4113,17.09,30.15,-0.2714,-0.1511,-0.1005,-0.1511,-0.2714,0.1504,-0.1005,0.1504
19:43:22.081,person,0.7413,54.09,43.04,-0.122,-0.1578,0.4188,-0.1578,-0.122,0.2726,0.4188,0.2726
19:43:22.411,cell phone,0.51,8.99,18.14,-0.1019,-0.0303,-0.0121,-0.0303,-0.1019,0.1511,-0.0121,0.1511
19:43:22.412,person,0.4042,17.09,29.67,-0.2668,-0.1489,-0.0959,-0.1489,-0.2668,0.1478,-0.0959,0.1478
19:43:22.412,person,0.7709,57.52,44.6,-0.1453,-0.1625,0.43,-0.1625,-0.1453,0.2835,0.43,0.2835
19:43:22.412,tv,1.401,20.76,19.9,0.7248,0.136,0.9324,0.136,0.7248,0.3351,0.9324,0.3351
19:43:22.747,cell phone,0.5339,9.41,18.99,-0.1067,-0.0317,-0.0126,-0.0317,-0.1067,0.1581,-0.0126,0.1581
19:43:22.747,person,0.4054,17.35,29.72,-0.2676,-0.1489,-0.094,-0.1489,-0.2676,0.1482,-0.094,0.1482
19:43:22.747,person,0.7703,58.28,44.57,-0.1484,-0.1624,0.4345,-0.1624,-0.1484,0.2833,0.4345,0.2833
19:43:23.080,cell phone,0.5268,9.28,18.68,-0.1053,-0.0308,-0.0125,-0.0308,-0.1053,0.156,-0.0125,0.156
19:43:23.081,person,0.4081,17.43,29.96,-0.2694,-0.1504,-0.0951,-0.1504,-0.2694,0.1492,-0.0951,0.1492
19:43:23.081,person,0.7726,57.33,44.62,-0.144,-0.1621,0.4293,-0.1621,-0.144,0.2841,0.4293,0.2841
19:43:23.413,cell phone,0.5429,9.62,19.31,-0.1085,-0.0317,-0.0123,-0.0317,-0.1085,0.1614,-0.0123,0.1614
19:43:23.413,person,0.404,16.83,29.65,-0.2666,-0.1488,-0.0983,-0.1488,-0.2666,0.1477,-0.0983,0.1477
19:43:23.414,person,0.7571,56.02,43.88,-0.134,-0.1604,0.4262,-0.1604,-0.134,0.2784,0.4262,0.2784
19:43:23.748,cell phone,0.5361,9.44,19.06,-0.1066,-0.0319,-0.0121,-0.0319,-0.1066,0.1588,-0.0121,0.1588
19:43:23.748,person,0.4046,17.15,29.66,-0.2671,-0.1487,-0.0955,-0.1487,-0.2671,0.148,-0.0955,0.148
19:43:23.749,person,0.769,57.07,44.41,-0.1433,-0.1613,0.4273,-0.1613,-0.1433,0.2828,0.4273,0.2828
19:43:24.079,cell phone,0.5587,9.79,19.87,-0.1105,-0.0332,-0.0126,-0.0332,-0.1105,0.1655,-0.0126,0.1655
19:43:24.080,person,0.4017,16.9,29.49,-0.2652,-0.148,-0.0961,-0.148,-0.2652,0.1469,-0.0961,0.1469
19:43:24.080,person,0.7726,57.49,44.7,-0.1456,-0.1629,0.4293,-0.1629,-0.1456,0.2841,0.4293,0.2841
19:43:24.080,tv,1.4052,20.83,19.67,0.727,0.1379,0.9352,0.1379,0.727,0.3346,0.9352,0.3346
19:43:24.411,cell phone,0.5035,8.87,17.96,-0.1001,-0.0299,-0.0114,-0.0299,-0.1001,0.1497,-0.0114,0.1497
19:43:24.411,person,0.4039,17.16,29.69,-0.2666,-0.1492,-0.095,-0.1492,-0.2666,0.1477,-0.095,0.1477
19:43:24.412,person,0.7613,56.34,44.05,-0.1395,-0.1605,0.4238,-0.1605,-0.1395,0.2799,0.4238,0.2799
19:43:24.748,cell phone,0.501,8.88,17.82,-0.0996,-0.0293,-0.0108,-0.0293,-0.0996,0.1489,-0.0108,0.1489
19:43:24.748,person,0.3992,16.67,29.31,-0.2635,-0.1471,-0.0968,-0.1471,-0.2635,0.146,-0.0968,0.146
19:43:24.748,person,0.7592,56.34,43.93,-0.1376,-0.1601,0.4258,-0.1601,-0.1376,0.2792,0.4258,0.2792
19:43:24.749,tv,1.402,20.92,20.21,0.7253,0.1361,0.9345,0.1361,0.7253,0.3382,0.9345,0.3382
19:43:25.081,cell phone,0.5205,9.17,18.51,-0.1029,-0.0309,-0.0112,-0.0309,-0.1029,0.1541,-0.0112,0.1541
19:43:25.081,person,0.397,16.5,29.14,-0.262,-0.1463,-0.097,-0.1463,-0.262,0.1452,-0.097,0.1452
19:43:25.081,person,0.7614,56.1,43.97,-0.1364,-0.1597,0.4247,-0.1597,-0.1364,0.28,0.4247,0.28
19:43:25.412,cell phone,0.4948,8.82,17.55,-0.0963,-0.0289,-0.0081,-0.0289,-0.0963,0.1466,-0.0081,0.1466
19:43:25.413,person,0.4036,16.78,29.63,-0.2664,-0.1487,-0.0987,-0.1487,-0.2664,0.1476,-0.0987,0.1476
19:43:25.413,person,0.7559,55.39,43.73,-0.1346,-0.1594,0.4192,-0.1594,-0.1346,0.278,0.4192,0.278
19:43:25.748,cell phone,0.5392,9.56,19.12,-0.105,-0.0315,-0.0094,-0.0315,-0.105,0.1597,-0.0094,0.1597
19:43:25.748,person,0.4021,16.67,29.52,-0.2654,-0.1481,-0.0987,-0.1481,-0.2654,0.147,-0.0987,0.147
19:43:25.749,person,0.7544,55.67,43.8,-0.1297,-0.1606,0.427,-0.1606,-0.1297,0.2774,0.427,0.2774
19:43:26.079,cell phone,0.5441,9.76,19.29,-0.1059,-0.0324,-0.0084,-0.0324,-0.1059,0.1606,-0.0084,0.1606
19:43:26.079,person,0.3966,16.44,29.11,-0.2617,-0.1461,-0.0973,-0.1461,-0.2617,0.145,-0.0973,0.145
19:43:26.080,person,0.7596,56.21,44.11,-0.1321,-0.1617,0.43,-0.1617,-0.1321,0.2793,0.43,0.2793
19:43:26.413,cell phone,0.5556,10.08,19.76,-0.1082,-0.0336,-0.0074,-0.0336,-0.1082,0.164,-0.0074,0.164
19:43:26.413,person,0.3948,16.37,28.98,-0.2606,-0.1455,-0.0969,-0.1455,-0.2606,0.1444,-0.0969,0.1444
19:43:26.413,person,0.7638,56.92,44.19,-0.1416,-0.161,0.4276,-0.161,-0.1416,0.2809,0.4276,0.2809
19:43:26.747,cell phone,0.5079,9.26,18.06,-0.0989,-0.0307,-0.0062,-0.0307,-0.0989,0.1499,-0.0062,0.1499
19:43:26.748,person,0.3999,16.62,29.36,-0.2639,-0.1473,-0.0977,-0.1473,-0.2639,0.1462,-0.0977,0.1462
19:43:26.748,person,0.7614,55.95,44.05,-0.1332,-0.1605,0.4263,-0.1605,-0.1332,0.28,0.4263,0.28
19:43:26.749,tv,1.4041,20.81,20.09,0.7264,0.1378,0.9345,0.1378,0.7264,0.3387,0.9345,0.3387
19:43:27.079,cell phone,0.5111,9.27,18.12,-0.099,-0.0309,-0.0063,-0.0309,-0.099,0.1503,-0.0063,0.1503
19:43:27.079,person,0.4078,16.87,29.9,-0.2692,-0.1498,-0.1005,-0.1498,-0.2692,0.1491,-0.1005,0.1491
19:43:27.079,person,0.7769,56.45,45.11,-0.1239,-0.1654,0.4406,-0.1654,-0.1239,0.2857,0.4406,0.2857
19:43:27.080,tv,1.3983,20.72,19.86,0.7234,0.1372,0.9306,0.1372,0.7234,0.3359,0.9306,0.3359
19:43:27.414,cell phone,0.5067,9.03,17.97,-0.0976,-0.0312,-0.0073,-0.0312,-0.0976,0.1485,-0.0073,0.1485
19:43:27.414,person,0.401,16.58,29.39,-0.2647,-0.1473,-0.0988,-0.1473,-0.2647,0.1466,-0.0988,0.1466
19:43:27.414,person,0.7756,55.31,45.04,-0.1124,-0.1651,0.4407,-0.1651,-0.1124,0.2852,0.4407,0.2852
19:43:27.747,person,0.7762,49.63,45.07,-0.053,-0.1653,0.4434,-0.1653,-0.053,0.2854,0.4434,0.2854
19:43:27.747,person,0.3991,16.46,29.3,-0.2634,-0.147,-0.0988,-0.147,-0.2634,0.1459,-0.0988,0.1459
19:43:27.747,cell phone,0.5359,9.33,18.78,-0.1015,-0.0335,-0.0082,-0.0335,-0.1015,0.1543,-0.0082,0.1543
19:43:28.088,person,0.3989,16.5,29.24,-0.2633,-0.1466,-0.0983,-0.1466,-0.2633,0.1459,-0.0983,0.1459
19:43:28.088,person,0.7933,52.21,45.98,-0.0681,-0.1681,0.4539,-0.1681,-0.0681,0.2917,0.4539,0.2917
19:43:28.088,cell phone,0.5432,9.57,19.43,-0.1041,-0.0346,-0.0084,-0.0346,-0.1041,0.1598,-0.0084,0.1598
19:43:28.088,person,0.6523,2.97,9.54,-0.15,0.0424,-0.1202,0.0424,-0.15,0.1377,-0.1202,0.1377
19:43:28.422,person,0.3998,16.53,29.35,-0.2639,-0.1473,-0.0986,-0.1473,-0.2639,0.1462,-0.0986,0.1462
19:43:28.422,cell phone,0.5237,9.34,18.57,-0.1003,-0.0328,-0.007,-0.0328,-0.1003,0.153,-0.007,0.153
19:43:28.422,person,0.7754,49.51,44.95,-0.0513,-0.1643,0.4438,-0.1643,-0.0513,0.2852,0.4438,0.2852
19:43:28.423,person,0.6477,3.09,9.54,-0.1489,0.0428,-0.118,0.0428,-0.1489,0.1381,-0.118,0.1381
19:43:28.423,tv,1.4122,21.08,20.06,0.7306,0.1371,0.9413,0.1371,0.7306,0.3377,0.9413,0.3377
19:43:28.743,cell phone,0.5124,9.08,18.22,-0.0982,-0.0321,-0.0074,-0.0321,-0.0982,0.1502,-0.0074,0.1502
19:43:28.744,person,0.404,16.71,29.66,-0.2666,-0.1488,-0.0996,-0.1488,-0.2666,0.1477,-0.0996,0.1477
19:43:28.744,person,0.7695,48.65,44.6,-0.0461,-0.163,0.4404,-0.163,-0.0461,0.283,0.4404,0.283
19:43:28.744,person,0.657,3.06,9.6,-0.151,0.0434,-0.1204,0.0434,-0.151,0.1394,-0.1204,0.1394
19:43:29.081,cell phone,0.5695,10.09,20.25,-0.1091,-0.035,-0.0082,-0.035,-0.1091,0.1675,-0.0082,0.1675
19:43:29.081,person,0.3919,16.16,28.77,-0.2586,-0.1444,-0.097,-0.1444,-0.2586,0.1433,-0.097,0.1433
19:43:29.081,person,0.7808,50.58,45.34,-0.0589,-0.1662,0.4468,-0.1662,-0.0589,0.2871,0.4468,0.2871
19:43:29.082,person,0.6653,3.03,9.59,-0.153,0.0439,-0.1226,0.0439,-0.153,0.1398,-0.1226,0.1398
19:43:29.413,cell phone,0.5667,10.04,20.09,-0.1091,-0.0349,-0.0087,-0.0349,-0.1091,0.1661,-0.0087,0.1661
19:43:29.413,person,0.3941,16.3,28.93,-0.2601,-0.1452,-0.0972,-0.1452,-0.2601,0.1441,-0.0972,0.1441
19:43:29.414,person,0.7771,55.01,45.2,-0.1086,-0.1663,0.4415,-0.1663,-0.1086,0.2858,0.4415,0.2858
19:43:29.414,person,0.6886,3.0,10.0,-0.1583,0.0454,-0.1283,0.0454,-0.1583,0.1454,-0.1283,0.1454
19:43:29.748,cell phone,0.532,9.48,18.86,-0.103,-0.0327,-0.0082,-0.0327,-0.103,0.1559,-0.0082,0.1559
19:43:29.749,person,0.7816,55.73,45.38,-0.1133,-0.1664,0.444,-0.1664,-0.1133,0.2874,0.444,0.2874
19:43:29.749,person,0.3938,16.24,28.86,-0.2599,-0.1447,-0.0975,-0.1447,-0.2599,0.144,-0.0975,0.144
19:43:29.750,person,0.7008,2.98,10.17,-0.1611,0.0463,-0.1313,0.0463,-0.1611,0.148,-0.1313,0.148
19:43:30.081,cell phone,0.5221,9.31,18.46,-0.1006,-0.0316,-0.0075,-0.0316,-0.1006,0.153,-0.0075,0.153
19:43:30.082,person,0.7769,55.48,45.11,-0.1134,-0.1654,0.4414,-0.1654,-0.1134,0.2857,0.4414,0.2857
19:43:30.082,person,0.3911,16.17,28.71,-0.2581,-0.1441,-0.0964,-0.1441,-0.2581,0.143,-0.0964,0.143
19:43:30.082,person,0.7206,3.06,10.46,-0.1657,0.0476,-0.1351,0.0476,-0.1657,0.1522,-0.1351,0.1522
19:43:30.414,cell phone,0.5448,9.77,19.38,-0.1049,-0.0335,-0.0073,-0.0335,-0.1049,0.1602,-0.0073,0.1602
19:43:30.414,person,0.4013,16.63,29.41,-0.2648,-0.1474,-0.0985,-0.1474,-0.2648,0.1467,-0.0985,0.1467
19:43:30.414,person,0.7755,55.38,45.03,-0.1132,-0.1651,0.4406,-0.1651,-0.1132,0.2852,0.4406,0.2852
19:43:30.415,person,0.6747,2.94,9.72,-0.1551,0.0445,-0.1258,0.0445,-0.1551,0.1418,-0.1258,0.1418
19:43:30.751,person,0.4056,16.77,29.77,-0.2677,-0.1494,-0.1,-0.1494,-0.2677,0.1483,-0.1,0.1483
19:43:30.751,person,0.7787,55.37,45.22,-0.1113,-0.1658,0.4424,-0.1658,-0.1113,0.2864,0.4424,0.2864
19:43:30.751,cell phone,0.5524,9.85,19.65,-0.1064,-0.034,-0.0079,-0.034,-0.1064,0.1625,-0.0079,0.1625
19:43:30.752,person,0.6819,2.97,9.9,-0.1568,0.045,-0.1271,0.045,-0.1568,0.144,-0.1271,0.144
19:43:30.752,tv,1.4132,20.95,19.93,0.7311,0.1387,0.9406,0.1387,0.7311,0.338,0.9406,0.338
19:43:31.078,cell phone,0.5439,9.7,19.29,-0.1048,-0.0335,-0.0078,-0.0335,-0.1048,0.1594,-0.0078,0.1594
19:43:31.078,person,0.3976,16.44,29.19,-0.2624,-0.1465,-0.098,-0.1465,-0.2624,0.1454,-0.098,0.1454
19:43:31.079,person,0.7692,54.61,44.66,-0.1091,-0.1638,0.437,-0.1638,-0.1091,0.2829,0.437,0.2829
19:43:31.079,person,0.6643,3.03,9.57,-0.1527,0.0438,-0.1224,0.0438,-0.1527,0.1396,-0.1224,0.1396
19:43:31.079,tv,1.4136,20.95,20.08,0.7313,0.1387,0.9408,0.1387,0.7313,0.3395,0.9408,0.3395
19:43:31.423,person,0.4025,16.6,29.55,-0.2657,-0.1483,-0.0996,-0.1483,-0.2657,0.1472,-0.0996,0.1472
19:43:31.424,cell phone,0.5357,9.61,18.94,-0.1021,-0.0324,-0.006,-0.0324,-0.1021,0.157,-0.006,0.157
19:43:31.424,person,0.7642,49.42,44.37,-0.0569,-0.1627,0.4373,-0.1627,-0.0569,0.281,0.4373,0.281
19:43:31.424,person,0.6526,3.04,9.27,-0.15,0.0424,-0.1196,0.0424,-0.15,0.1351,-0.1196,0.1351
19:43:31.425,tv,1.4137,20.95,20.23,0.7314,0.1387,0.9409,0.1387,0.7314,0.341,0.9409,0.341
19:43:31.743,person,0.4007,16.49,29.41,-0.2644,-0.1476,-0.0996,-0.1476,-0.2644,0.1465,-0.0996,0.1465
19:43:31.744,person,0.7666,49.18,44.51,-0.0531,-0.1632,0.4387,-0.1632,-0.0531,0.2819,0.4387,0.2819
19:43:31.744,cell phone,0.5184,9.24,18.28,-0.0988,-0.0308,-0.0064,-0.0308,-0.0988,0.1519,-0.0064,0.1519
19:43:31.744,person,0.6386,2.91,9.07,-0.1462,0.0415,-0.1171,0.0415,-0.1462,0.1322,-0.1171,0.1322
19:43:32.080,person,0.4018,16.57,29.49,-0.2652,-0.148,-0.0995,-0.148,-0.2652,0.1469,-0.0995,0.1469
19:43:32.080,cell phone,0.4883,8.75,17.26,-0.0935,-0.029,-0.006,-0.029,-0.0935,0.1436,-0.006,0.1436
19:43:32.080,person,0.7599,53.95,44.12,-0.1219,-0.1618,0.4175,-0.1618,-0.1219,0.2794,0.4175,0.2794
19:43:32.081,person,0.6583,3.07,9.42,-0.152,0.0434,-0.1213,0.0434,-0.152,0.1376,-0.1213,0.1376
19:43:32.081,tv,1.403,20.79,19.64,0.7258,0.1377,0.9337,0.1377,0.7258,0.3341,0.9337,0.3341
19:43:32.423,person,0.7129,59.55,42.87,-0.2186,-0.1666,0.3769,-0.1666,-0.2186,0.2622,0.3769,0.2622
19:43:32.424,person,0.4523,19.27,33.16,-0.2986,-0.1662,-0.1059,-0.1662,-0.2986,0.1654,-0.1059,0.1654
19:43:32.756,person,0.8183,57.24,52.09,-0.189,-0.2217,0.3835,-0.2217,-0.189,0.2992,0.3835,0.2992
19:43:32.756,person,0.403,16.54,29.63,-0.266,-0.1485,-0.1006,-0.1485,-0.266,0.1478,-0.1006,0.1478
19:43:33.080,person,0.8452,54.57,53.98,-0.2119,-0.2299,0.3339,-0.2299,-0.2119,0.3099,0.3339,0.3099
19:43:33.080,person,0.4249,17.57,31.2,-0.2805,-0.157,-0.1048,-0.157,-0.2805,0.1549,-0.1048,0.1549
19:43:33.425,person,0.9847,63.89,63.3,-0.2611,-0.2719,0.3778,-0.2719,-0.2611,0.3611,0.3778,0.3611
19:43:33.426,person,0.4503,19.14,33.11,-0.2972,-0.1659,-0.1059,-0.1659,-0.2972,0.1651,-0.1059,0.1651
19:43:33.746,person,0.6466,42.22,41.97,-0.1748,-0.1819,0.2474,-0.1819,-0.1748,0.2378,0.2474,0.2378
19:43:33.747,person,0.4041,16.79,29.75,-0.2667,-0.1497,-0.0988,-0.1497,-0.2667,0.1478,-0.0988,0.1478
19:43:34.079,person,0.8895,57.8,57.82,-0.2359,-0.2521,0.3422,-0.2521,-0.2359,0.3262,0.3422,0.3262
19:43:34.079,person,0.4126,17.23,30.29,-0.2723,-0.1524,-0.1,-0.1524,-0.2723,0.1504,-0.1,0.1504
19:43:34.420,person,0.9341,61.18,61.11,-0.2554,-0.2676,0.3564,-0.2676,-0.2554,0.3435,0.3564,0.3435
19:43:34.420,person,0.4407,18.82,32.45,-0.2909,-0.1628,-0.1027,-0.1628,-0.2909,0.1616,-0.1027,0.1616
19:43:34.755,person,0.8455,55.47,55.14,-0.2365,-0.2405,0.3182,-0.2405,-0.2365,0.3109,0.3182,0.3109
19:43:34.756,person,0.398,16.25,29.21,-0.2627,-0.147,-0.1002,-0.147,-0.2627,0.1451,-0.1002,0.1451
19:43:35.088,person,0.8381,55.16,55.27,-0.2431,-0.2445,0.3085,-0.2445,-0.2431,0.3082,0.3085,0.3082
19:43:35.089,person,0.4065,16.56,29.84,-0.2683,-0.1498,-0.1027,-0.1498,-0.2683,0.1486,-0.1027,0.1486
19:43:35.409,person,0.8481,55.29,55.84,-0.2442,-0.2465,0.3087,-0.2465,-0.2442,0.3119,0.3087,0.3119
19:43:35.409,person,0.4003,16.31,29.43,-0.2642,-0.1479,-0.1012,-0.1479,-0.2642,0.1464,-0.1012,0.1464
19:43:35.752,person,0.8593,55.57,56.31,-0.2475,-0.2471,0.3083,-0.2471,-0.2475,0.316,0.3083,0.316
19:43:35.752,person,0.395,16.05,29.0,-0.2607,-0.1456,-0.1002,-0.1456,-0.2607,0.1444,-0.1002,0.1444
